c9371aea-e5e8-4d89-9d1d-bd6c64e52762,corporate_network,am_area_table_staged,iDAP Data Ingest - Database,EMANADM.AM_AREA
6d609460-2d08-4f32-bf2d-15e1a07f99b2,corporate_network,am_city_table_staged,iDAP Data Ingest - Database,EMANADM.AM_CITY
e31a92ac-dbc5-4188-9625-f3e650e18a33,corporate_network,am_country_table_staged,iDAP Data Ingest - Database,EMANADM.AM_COUNTRY
7466992e-c6ea-41db-b9c7-094eb0d27b61,corporate_network,am_location_table_staged,iDAP Data Ingest - Database,EMANADM.AM_LOCATION
dee5926d-2d54-44c8-9391-cda632ab1f58,corporate_network,am_net_hierarchy_staged,iDAP Data Ingest - Database,{runtime variable}
dac1bfca-f684-4ee8-8e01-a9b595192bad,corporate_network,am_net_hierarchy_staged_datatype1,iDAP Data Ingest - Database,EMANADM.AM_NET_HIERARCHY
60461174-4a1b-4c2f-bd44-c072ff2db5e3,corporate_network,am_net_hierarchy_staged_where,iDAP Data Ingest - Database,EMANADM.AM_NET_HIERARCHY
49ab7778-056d-447c-8a73-bef6da37574e,corporate_network,am_net_hierarchy_table,iDAP Data Ingest - Database,EMANADM.AM_NET_HIERARCHY
ed9a5a3b-2fb4-409e-b150-8b8e3df6455f,corporate_network,am_net_hierarchy_transformed,iDAP Data Analyze,""
ed6c0e28-2012-438d-9b9b-2ba88277a991,corporate_network,am_net_hierarchy_transformed_interface_only,iDAP Data Analyze,""
91a576f4-da9f-474c-8db3-7e6a243343fc,corporate_network,am_net_hierarchy_transformed_subnet_only,iDAP Data Analyze,""
c6917e9d-ca2f-46c9-9705-2419dc373fbd,corporate_network,am_net_location_table_staged,iDAP Data Ingest - Database,EMANADM.AM_NET_LOCATION
5c0a41f7-31d4-4c7c-a07c-55f93a0bf006,corporate_network,am_net_route_point_table_staged,iDAP Data Ingest - Database,EMANADM.AM_NET_ROUTE_POINT
270ee542-7ab9-43e1-98ba-21344a50670b,corporate_network,am_net_site_table_staged,iDAP Data Ingest - Database,EMANADM.AM_NET_SITE
92399308-d009-42ff-b92d-81f42b180c12,corporate_network,am_network_free_subnet_blocks,iDAP Data Analyze,""
925d3f38-df6e-493b-a92c-ad3ec5c17b2b,corporate_network,am_network_free_subnet_blocks_base,iDAP Data Analyze,""
694684cd-d1f8-440c-870c-61462a854d6f,corporate_network,am_network_free_subnet_blocks_consolidated,iDAP Data Analyze,""
2f1236e9-bde2-4147-9fab-abb8feffda40,corporate_network,am_route_point_table_staged,iDAP Data Ingest - Database,EMANADM.AM_ROUTE_POINT
eecc68b7-c828-40b9-9523-1bf20b572e54,corporate_network,am_subnet_network_unallocated,iDAP Data Analyze,""
a07a8594-d62c-4a8f-adeb-08b0b66b1fb5,corporate_network,am_subnet_unallocated_counts,iDAP Data Analyze,""
99c6773a-aed1-437a-8855-6dc82442711b,data_center_network,apic_aer_fab1_daily_average_util_merged_ing_30_days,iDAP Data Analyze,""
df6d593d-a1fe-490b-8b3c-e0898fb4e845,data_center_network,apic_aer_fab1_daily_avg_util_mer_30_days,iDAP Data Analyze,""
25bfaf72-8cc1-4fca-8441-d1139b9c6b69,data_center_network,apic_aer_fab1_merg,iDAP Data Analyze,""
648ae8fe-f255-4b04-94ba-59070fe245bc,data_center_network,apic_aer_fab1_merged_ing,iDAP Data Analyze,""
d7cdac87-2f02-4de1-9957-4ca378c6f489,data_center_network,apic_aer_fab3_daily_average_util_merged_ing_30_days,iDAP Data Analyze,""
e7b80395-28b5-46c7-92a7-a032e9b90ee8,data_center_network,apic_aer_fab3_daily_avg_util_mer_30_days,iDAP Data Analyze,""
2c1cac5a-d166-4020-9b1b-fae396f60269,data_center_network,apic_aer_fab3_mer,iDAP Data Analyze,""
b3582b8e-f920-4e2a-872d-3a519f0bfccf,data_center_network,apic_aer_fab3_merged_ing,iDAP Data Analyze,""
2c37f9d1-9889-4405-a985-f6ea37ab5af8,data_center_network,apic_alln_daily_avg_util_mer_30_days,iDAP Data Analyze,""
c2fcb417-dcfa-4527-9eaf-1c9680b069a2,data_center_network,apic_alln_daily_avg_util_mer_ing_30_days,iDAP Data Analyze,""
fcd56cc8-15b6-40dc-99a6-ad0843c9f449,data_center_network,apic_alln_fab1_merged,iDAP Data Analyze,""
d6039139-bb0f-4720-9d90-170e9e82b721,data_center_network,apic_alln_fab1_merged_ing,iDAP Data Analyze,""
770df4e4-09e1-4ea5-9c01-ec8e4b28f5d0,data_center_network,apic_alln_fab3_daily_avg_util_mer_30_days,iDAP Data Analyze,""
92e9da93-9b2d-42bc-ac71-bb6610bfb46b,data_center_network,apic_alln_fab3_daily_avg_util_mer_ing_30_days,iDAP Data Analyze,""
c2c65aaa-01cc-4f48-8b55-8d5f59c756a3,data_center_network,apic_alln_fab3_mer,iDAP Data Analyze,""
ca9f52bf-13da-481d-b228-327f3668db3c,data_center_network,apic_alln_fab3_mer_ing,iDAP Data Analyze,""
71d38cab-216b-477a-ae13-f70c4e4dcfd8,data_center_network,apic_fabric_node_dim_aer_fab1_staged,iDAP Data Ingest JSON - Complex HTTP REST API,""
92e2c283-691c-48fa-968f-e779bc1b3b53,data_center_network,apic_fabric_node_dim_aer_fab1_transformed,iDAP Data Analyze,""
5590ab79-642f-4a9e-aeaf-48e1b6d761cd,data_center_network,apic_fabric_node_dim_aer_fab3_staged,iDAP Data Ingest JSON - Complex HTTP REST API,""
bf3480e5-96be-4747-8350-a4258ad02470,data_center_network,apic_fabric_node_dim_aer_fab3_transformed,iDAP Data Analyze,""
78ca00ac-ced7-4b85-a9ea-976d6e524957,data_center_network,apic_fabric_node_dim_alln_fab3_staged,iDAP Data Ingest JSON - Complex HTTP REST API,""
075ae2df-c712-483d-8189-397d3e88c3e9,data_center_network,apic_fabric_node_dim_alln_fab3_transformed,iDAP Data Analyze,""
481c3669-22ac-4ca7-bf09-08ba5a96280e,data_center_network,apic_fabric_node_dim_alln_staged,iDAP Data Ingest JSON - Complex HTTP REST API,""
64a5b0dc-79ae-46c8-ae36-34ccee808583,data_center_network,apic_fabric_node_dim_alln_transformed,iDAP Data Analyze,""
52ce3811-8d12-423b-9aad-fa68ef3196dd,data_center_network,apic_fabric_node_dim_rcdn9_fab3_staged,iDAP Data Ingest JSON - Complex HTTP REST API,""
73331531-f2b5-4acd-90f7-deb6b07d829f,data_center_network,apic_fabric_node_dim_rcdn9_fab3_transformed,iDAP Data Analyze,""
cf9a0fcb-b607-4fac-a069-fc623f07f0c9,data_center_network,apic_fabric_node_dim_rcdn_staged,iDAP Data Ingest JSON - Complex HTTP REST API,""
86a26d27-5777-4c6c-976d-c5cd2ee82848,data_center_network,apic_fabric_node_dim_rcdn_transformed,iDAP Data Analyze,""
0f8d86a3-038f-411f-b742-e7c25d68363d,data_center_network,apic_fabric_node_dim_rtp1_fab2_staged,iDAP Data Ingest JSON - Complex HTTP REST API,""
64f4207d-6723-49f3-bce4-c1b855eec50e,data_center_network,apic_fabric_node_dim_rtp1_fab2_transformed,iDAP Data Analyze,""
525ed65b-3e96-4a22-9bfe-988b1f313d42,data_center_network,apic_fabric_node_dim_rtp1_fab3_staged,iDAP Data Ingest JSON - Complex HTTP REST API,""
4843c7f4-53ab-4fa1-ac88-068cd25fd768,data_center_network,apic_fabric_node_dim_rtp1_fab3_transformed,iDAP Data Analyze,""
74e82bce-e624-4147-871d-25675b4af0e6,data_center_network,apic_fabric_node_dim_rtp_staged,iDAP Data Ingest JSON - Complex HTTP REST API,""
87b85809-7acc-4d82-80a1-befa1dc73564,data_center_network,apic_fabric_node_dim_rtp_transformed,iDAP Data Analyze,""
ea4ac679-dd9a-4216-a96d-83f4b4fcadaf,data_center_network,apic_phys_port_dim_aer_fab1_staged,iDAP Data Ingest JSON - Complex HTTP REST API,""
eae27c06-031e-4639-a497-e12b217e74c0,data_center_network,apic_phys_port_dim_aer_fab1_transformed,iDAP Data Analyze,""
81df167a-a60e-41ea-8180-78463e1b0000,data_center_network,apic_phys_port_dim_aer_fab3_staged,iDAP Data Ingest JSON - Complex HTTP REST API,""
69a7b3a3-a205-4595-a155-54e94fecd45b,data_center_network,apic_phys_port_dim_aer_fab3_transformed,iDAP Data Analyze,""
7b41f47c-cd28-43b3-9da2-6c095c73ede0,data_center_network,apic_phys_port_dim_alln_fab3_staged,iDAP Data Ingest JSON - Complex HTTP REST API,""
8cbc1254-7a2d-4a0d-8952-4b0f8707ec87,data_center_network,apic_phys_port_dim_alln_fab3_transformed,iDAP Data Analyze,""
4163d66e-f6da-4caa-9cdd-b7f653b9a9b1,data_center_network,apic_phys_port_dim_alln_staged,iDAP Data Ingest JSON - Complex HTTP REST API,""
98ef31a1-b1a6-4412-9cbb-e155798470ac,data_center_network,apic_phys_port_dim_alln_transformed,iDAP Data Analyze,""
2dccc47d-7ebc-469a-b117-e88d2ea1fed1,data_center_network,apic_phys_port_dim_rcdn9_fab3_staged,iDAP Data Ingest JSON - Complex HTTP REST API,""
d0e060dd-d700-432f-b86f-8e59f9e77162,data_center_network,apic_phys_port_dim_rcdn9_fab3_transformed,iDAP Data Analyze,""
f495beed-e7ca-44f8-8761-06e7a68c1793,data_center_network,apic_phys_port_dim_rcdn_staged,iDAP Data Ingest JSON - Complex HTTP REST API,""
c783d108-981d-4852-922d-b7cf673b0d8c,data_center_network,apic_phys_port_dim_rcdn_transformed,iDAP Data Analyze,""
650d9239-f39d-40dc-ab1f-6fb51e60dbec,data_center_network,apic_phys_port_dim_rtp1_fab2_staged,iDAP Data Ingest JSON - Complex HTTP REST API,""
3f0c4ed7-d034-40e7-9f2b-26a8037a80bf,data_center_network,apic_phys_port_dim_rtp1_fab2_transformed,iDAP Data Analyze,""
7144f6ae-6b4b-4623-bcaa-813f1dca31c6,data_center_network,apic_phys_port_dim_rtp1_fab3_staged,iDAP Data Ingest JSON - Complex HTTP REST API,""
70851cf1-8593-4d5b-a19c-5e5d7366e7fb,data_center_network,apic_phys_port_dim_rtp1_fab3_transformed,iDAP Data Analyze,""
51892e38-5a09-4b7b-9cc2-175c9977ff99,data_center_network,apic_phys_port_dim_rtp_staged,iDAP Data Ingest JSON - Complex HTTP REST API,""
077aef3f-daa6-4489-84fd-2bad2a5f3e7b,data_center_network,apic_phys_port_dim_rtp_transformed,iDAP Data Analyze,""
f00259c7-0412-4a5e-ab98-93db1bd58c59,data_center_network,apic_port_util_stats_aer_fab1_staged,iDAP Data Ingest JSON - Complex HTTP REST API,""
4291d167-9b4e-44aa-a024-0cdeab26cbd5,data_center_network,apic_port_util_stats_aer_fab1_staged_ing,iDAP Data Ingest JSON - Complex HTTP REST API,""
d8819be5-b318-4361-8739-a6a427180846,data_center_network,apic_port_util_stats_aer_fab1_transformed,iDAP Data Analyze,""
92d18a63-d387-42eb-a36d-09180b055470,data_center_network,apic_port_util_stats_aer_fab1_transformed_ing,iDAP Data Analyze,""
c43fe289-f148-4faf-9c26-d7474bce97a1,data_center_network,apic_port_util_stats_aer_fab3_staged,iDAP Data Ingest JSON - Complex HTTP REST API,""
613db199-530f-48bf-a576-3f883c1aa77f,data_center_network,apic_port_util_stats_aer_fab3_staged_ing,iDAP Data Ingest JSON - Complex HTTP REST API,""
f3fc83af-a2ad-4f72-82ea-6160b047a077,data_center_network,apic_port_util_stats_aer_fab3_transformed,iDAP Data Analyze,""
c66133c4-1c0c-4bf5-b2da-b0ae2229fcae,data_center_network,apic_port_util_stats_aer_fab3_transformed_ing,iDAP Data Analyze,""
f9a70626-286a-4ec6-bbf4-1ae30af5a2bc,data_center_network,apic_port_util_stats_alln_fab3_staged,iDAP Data Ingest JSON - Complex HTTP REST API,""
477c1289-bfb9-4dcb-b0c5-1264084fd1f9,data_center_network,apic_port_util_stats_alln_fab3_staged_ing,iDAP Data Ingest JSON - Complex HTTP REST API,""
a46fe919-42f8-4b9d-88f5-8c8922157d46,data_center_network,apic_port_util_stats_alln_fab3_transformed,iDAP Data Analyze,""
82c9bf64-7401-4d2c-bb55-bde5ce923168,data_center_network,apic_port_util_stats_alln_fab3_transformed_ing,iDAP Data Analyze,""
1fd2840f-a2f7-4de2-8459-9664c9ca35f1,data_center_network,apic_port_util_stats_alln_staged,iDAP Data Ingest JSON - Complex HTTP REST API,""
0df1a64e-5c64-491a-9534-358835ddf975,data_center_network,apic_port_util_stats_alln_staged_ing,iDAP Data Ingest JSON - Complex HTTP REST API,""
1e3ea011-63de-4816-87f7-d328c97050dc,data_center_network,apic_port_util_stats_alln_transformed,iDAP Data Analyze,""
972646ae-29ff-4d37-bd8d-b2b1bf478e26,data_center_network,apic_port_util_stats_alln_transformed_ing,iDAP Data Analyze,""
cd8bd9da-b544-4d9e-a78f-6f5ef687cb27,data_center_network,apic_port_util_stats_rcdn9_fab3_staged,iDAP Data Ingest JSON - Complex HTTP REST API,""
15a39846-32ea-4365-9560-ac84e7f890ee,data_center_network,apic_port_util_stats_rcdn9_fab3_staged_ing,iDAP Data Ingest JSON - Complex HTTP REST API,""
9f43e15a-3a40-455d-bbf8-287f3cd76002,data_center_network,apic_port_util_stats_rcdn9_fab3_transformed,iDAP Data Analyze,""
b752c191-d946-476d-b853-5ca14d1bed3e,data_center_network,apic_port_util_stats_rcdn9_fab3_transformed_ing,iDAP Data Analyze,""
e1845cd2-89ae-4309-acbc-962401cbdd96,data_center_network,apic_port_util_stats_rcdn_staged,iDAP Data Ingest JSON - Complex HTTP REST API,""
803d82da-de45-4897-b6ad-44bcfdad28d8,data_center_network,apic_port_util_stats_rcdn_staged_ing,iDAP Data Ingest JSON - Complex HTTP REST API,""
5135b1c0-6e1f-4168-bb40-b458a80a0fce,data_center_network,apic_port_util_stats_rcdn_transformed,iDAP Data Analyze,""
f7e22c3b-b255-4a37-b47e-fccf0e30642b,data_center_network,apic_port_util_stats_rcdn_transformed_ing,iDAP Data Analyze,""
a8914a23-160b-4ad3-8d6f-83cf447ad8ab,data_center_network,apic_port_util_stats_rtp1_fab2_staged,iDAP Data Ingest JSON - Complex HTTP REST API,""
8cb74b64-c45c-47b5-ae35-656e5dd3328d,data_center_network,apic_port_util_stats_rtp1_fab2_staged_ing,iDAP Data Ingest JSON - Complex HTTP REST API,""
1d27e188-4cad-402c-a4a7-bd6e71bcf586,data_center_network,apic_port_util_stats_rtp1_fab2_transformed,iDAP Data Analyze,""
4ab3814b-6d70-4b15-bc75-a6ffeb6e81ce,data_center_network,apic_port_util_stats_rtp1_fab2_transformed_ing,iDAP Data Analyze,""
ba16bd6a-f1f1-495a-beec-d2dc63f16949,data_center_network,apic_port_util_stats_rtp1_fab3_staged,iDAP Data Ingest JSON - Complex HTTP REST API,""
d9b12734-c9bc-4402-921b-c4724780d992,data_center_network,apic_port_util_stats_rtp1_fab3_staged_ing,iDAP Data Ingest JSON - Complex HTTP REST API,""
3de07835-e8f2-4c4c-a546-5edc3138b834,data_center_network,apic_port_util_stats_rtp1_fab3_transformed,iDAP Data Analyze,""
f8810bf8-b35e-4209-b4cb-196988211efd,data_center_network,apic_port_util_stats_rtp1_fab3_transformed_ing,iDAP Data Analyze,""
b833fe16-3907-4fb4-8c63-97c3e1bf733d,data_center_network,apic_port_util_stats_rtp_staged,iDAP Data Ingest JSON - Complex HTTP REST API,""
4864aee6-fdc7-42b4-bb98-32342393b36f,data_center_network,apic_port_util_stats_rtp_staged_ing,iDAP Data Ingest JSON - Complex HTTP REST API,""
31abdcb1-16e3-414b-85a9-7b559f966f49,data_center_network,apic_port_util_stats_rtp_transf,iDAP Data Analyze,""
2701090a-bd63-4ced-823b-280b7081b2b6,data_center_network,apic_port_util_stats_rtp_transformed,iDAP Data Analyze,""
53459d30-1a82-4ebd-80b8-12dd02df9d5c,data_center_network,apic_port_util_stats_rtp_transformed_ing,iDAP Data Analyze,""
3996f0b8-246d-439a-a884-989e4df6d25e,data_center_network,apic_port_util_stats_sjck_fab1_staged,iDAP Data Ingest JSON - Complex HTTP REST API,""
00b40cf4-5689-42ce-8f78-8a056bbc1332,data_center_network,apic_rcdn9_fab3_daily_avg_util_mer_30_days,iDAP Data Analyze,""
7952eab7-f47b-4a5a-85ac-778006a2f886,data_center_network,apic_rcdn9_fab3_daily_avg_util_mer_ing_30_days,iDAP Data Analyze,""
e2a5fda4-13e0-4a02-adbf-d41127d862af,data_center_network,apic_rcdn9_fab3_mer,iDAP Data Analyze,""
0a073862-dd49-45e1-affa-154da63bb8fe,data_center_network,apic_rcdn9_fab3_mer_ing,iDAP Data Analyze,""
829b87f3-3314-41b3-a9af-4f0aae4edea5,data_center_network,apic_rcdn_daily_avg_util_mer_30_days,iDAP Data Analyze,""
d5267bd7-6b35-4d67-8b37-a4bdf36c0343,data_center_network,apic_rcdn_daily_avg_util_mer_ing_30_days,iDAP Data Analyze,""
c9939798-8d4b-4564-8602-7d466cb972d6,data_center_network,apic_rcdn_fab1_merged,iDAP Data Analyze,""
d8de6fbf-4b13-4c8f-9dcd-ba16d7417a3b,data_center_network,apic_rcdn_fab1_merged_ing,iDAP Data Analyze,""
664fa577-5880-47c3-b251-63a9d2e328e7,data_center_network,apic_rtp1_fab2_daily_avg_util_mer_30_days,iDAP Data Analyze,""
e8752b94-1e8c-495a-913c-804ece93f84d,data_center_network,apic_rtp1_fab2_daily_avg_util_mer_ing_30_days,iDAP Data Analyze,""
380e1e66-a987-4f5d-844d-1727839bde5a,data_center_network,apic_rtp1_fab2_mer,iDAP Data Analyze,""
3d919fb9-1894-49d5-8c33-bdbae7ad6c52,data_center_network,apic_rtp1_fab2_mer_ing,iDAP Data Analyze,""
d7a59042-9cd7-40cb-9ad5-ccacc14bc7fa,data_center_network,apic_rtp1_fab3_daily_avg_util_mer_30_days,iDAP Data Analyze,""
ce17ea26-1f77-4fc9-b4ae-09e06a15d592,data_center_network,apic_rtp1_fab3_daily_avg_util_mer_ing_30_days,iDAP Data Analyze,""
d867da16-40be-4c0b-badc-ed7b9ba89963,data_center_network,apic_rtp1_fab3_mer,iDAP Data Analyze,""
21f8a59d-c1e4-4fcc-9fd2-4407c1baebee,data_center_network,apic_rtp1_fab3_mer_ing,iDAP Data Analyze,""
d175fcfe-180e-4e02-b199-6cdb7bb42a9d,data_center_network,apic_rtp_daily_avg_util_mer_30_days,iDAP Data Analyze,""
84e97e15-6111-4393-bd90-51b977cc35df,data_center_network,apic_rtp_daily_avg_util_mer_ing_30_days,iDAP Data Analyze,""
d4a71489-c00e-4373-809c-c0d078eda0cb,data_center_network,apic_rtp_fab1_merged,iDAP Data Analyze,""
172249fa-dcf4-41c4-a2cd-4b6aa4f354c7,data_center_network,apic_rtp_fab1_merged_ing,iDAP Data Analyze,""
b0609218-0aa3-40e2-ac24-861c5f9a61ca,infrastructure_enablement_platforms,building_function,iDAP Data Analyze,""
146467a3-cefc-43ec-8be8-cc55f9299304,infrastructure_enablement_platforms,case_analytics_change_request,iDAP Data Analyze,""
3070b9b8-497b-4e8d-8802-89d030d09a55,infrastructure_enablement_platforms,case_analytics_change_request_data,iDAP Data Analyze,""
52c69de8-acb8-4f80-b06c-e4c85bf39dc6,infrastructure_enablement_platforms,case_analytics_esp_location_table,iDAP Data Analyze,""
303d5140-2576-4737-8b94-c72b077f0108,infrastructure_enablement_platforms,case_analytics_incident_data_e1,iDAP Data Analyze,""
117d0876-97ec-416d-8670-0cf529d514fb,infrastructure_enablement_platforms,case_analytics_incident_data_e2,iDAP Data Analyze,""
ce516f2b-0264-489b-98f8-696a73b129c1,infrastructure_enablement_platforms,case_analytics_incidents_data,iDAP Data Analyze,""
fda1d389-ead7-4fdc-9b06-89e13f5efefb,infrastructure_enablement_platforms,case_analytics_problem_management,iDAP Data Analyze,""
82d402b1-6e84-429a-9ba5-2be06ef82167,corporate_network,case_analytics_problem_management_e1,iDAP Data Analyze,""
0caeaece-9d54-471c-be1f-553fb2e9969e,infrastructure_enablement_platforms,cmdb_ci_netgear,iDAP Data Analyze,infrastructure_enablement_platforms.esp_cmdb_ci_netgear
848b080c-7727-464d-9872-43c3cb5a1cd9,corporate_network,cmx_clients_data,iDAP Data Ingest JSON - HTTP/File,""
5587ee55-b138-49c7-9ed6-6b8d575b8844,infrastructure_as_a_service,dcap_envoy_diskmounts,iDAP Data Analyze,""
48a68a6d-bc2c-451f-822a-5f077ae611c0,corporate_network,dnac_sin_prod_1_network_device,iDAP Data Ingest - DNA Controller,""
79b69dbb-4611-40ba-9095-9154193f7763,infrastructure_as_a_service,envoy_hostosdetails,iDAP Data Analyze,""
7fa88839-9624-4d42-80f0-cc104b3f06cd,infrastructure_as_a_service,envoy_machines_ingest,iDAP Data Ingest - Database,ENVOYADMIN.MACHINES
afc1d305-781e-4630-b8e6-1c3e828330b5,infrastructure_as_a_service,envoy_misc_info_ingest,iDAP Data Ingest - Database,ENVOYADMIN.MISC_INFO
dd995213-de33-4f96-adc0-49d510d9b863,infrastructure_as_a_service,envoy_mounted_disk_ingest,iDAP Data Ingest - Database,{runtime variable}
c79c3d2a-e2bd-4b2a-b74b-b4c693d75bef,infrastructure_as_a_service,envoy_remote_mounts_ingest,iDAP Data Ingest - Database,ENVOYADMIN.REMOTE_MOUNTS
a5c66fb9-b073-4cfe-bb72-7aae74782838,infrastructure_as_a_service,envoy_system_packages_ingest,iDAP Data Ingest - Database,ENVOYADMIN.SYSTEM_PACKAGES
50de3370-3020-4dd7-91f9-75f2da2323a0,infrastructure_enablement_platforms,esp_app_details,iDAP Data Analyze,""
bca3f278-4987-46a7-ad20-44f21cf9e649,infrastructure_enablement_platforms,esp_app_host_info,iDAP Data Ingest - Database,ESPADM.ESP_APP_HOST_INFO
db6216cc-3c8f-4512-b62f-aac5d1335966,infrastructure_enablement_platforms,esp_app_instance,iDAP Data Ingest - Database,ESPADM.ESP_APP_INSTANCE
995bca49-c171-4540-8a7e-2c18f5e315d4,infrastructure_enablement_platforms,esp_app_instance_details,iDAP Data Analyze,""
15474b2e-5ec1-4b2e-a063-26b2a6c402eb,infrastructure_enablement_platforms,esp_app_instance_info,iDAP Data Ingest - Database,ESPADM.ESP_APP_INSTANCE_INFO
a65ec9ba-df45-4a59-8eac-4db6a4da8a55,infrastructure_enablement_platforms,esp_application_dependency_mapping,iDAP Data Analyze,""
46d5b8ac-887a-4945-8061-cba34102ac4b,infrastructure_enablement_platforms,esp_bgl_function_data,iDAP Data Analyze,infrastructure_enablement_platforms.esp_dqf_network_building_function
4ad598c0-1265-4c24-a6da-2cd6025ac41b,infrastructure_enablement_platforms,esp_building_function,iDAP Data Analyze,infrastructure_enablement_platforms.building_function
bedd5b8b-6a48-4d8d-b11c-e1e9c914f213,infrastructure_enablement_platforms,esp_business_application,iDAP Data Ingest - Database,ESPADM.ESP_BA_INFO
1ab905ca-89bb-4667-b478-9b92b58cbc7a,infrastructure_enablement_platforms,esp_business_application_components,iDAP Data Ingest - Database,ESPADM.ESP_BAC_INFO
dff651c4-4ad1-47b9-b661-a56007a236d4,infrastructure_enablement_platforms,esp_business_application_modules,iDAP Data Ingest - Database,ESPADM.ESP_BAM_INFO
465a7ea2-8633-4833-ab3c-22b4d984e71b,infrastructure_enablement_platforms,esp_business_database_service_info,iDAP Data Ingest - Database,ESPADM.ESP_BDS_INFO
263e7ca1-e22b-411b-a020-6932011049a2,infrastructure_enablement_platforms,esp_business_service_component,iDAP Data Ingest - Database,ESPADM.U_BUSINESS_SERVICE_COMPONENT
60e620b3-e106-498f-8088-4dfb4e51dc20,infrastructure_enablement_platforms,esp_change_ci_dependencies,iDAP Data Ingest - Database,ESPADM.U_CHANGE_CI_DEPENDENCIES
f302b393-f002-431f-ad33-a16889c5fdfa,infrastructure_enablement_platforms,esp_cli_attribute_mapping,iDAP Data Ingest - Database,ESPADM.ESP_CLI_ATTRIBUTE_MAPPING
07872e31-3017-47d7-8fb2-0e729f0a2b84,infrastructure_enablement_platforms,esp_cli_service_mapping,iDAP Data Ingest - Database,ESPADM.ESP_CLI_SERVICE_MAPPING
2443d2c5-e2bc-46a1-9338-ddf1d557f84f,infrastructure_enablement_platforms,esp_cmdb_ci_cluster,iDAP Data Ingest - Database,ESPADM.CMDB_CI_CLUSTER
6a364f42-b3e4-49ee-9aa0-4be300b8c199,infrastructure_enablement_platforms,esp_cmdb_ci_cluster_node,iDAP Data Ingest - Database,ESPADM.CMDB_CI_CLUSTER_NODE
09c29b2b-27ac-44f4-b74c-30d22d48899a,infrastructure_enablement_platforms,esp_cmdb_ci_ip_router,iDAP Data Ingest - Database,ESPADM.CMDB_CI_IP_ROUTER
47bf434c-6fc5-40ba-bf30-eb8b3dcbfbea,infrastructure_enablement_platforms,esp_cmdb_ci_netgear,iDAP Data Ingest - Database,ESPADM.CMDB_CI_NETGEAR
072c561b-69ef-4b63-9b34-c9d124ef4db5,infrastructure_enablement_platforms,esp_cmdb_cluster,iDAP Data Ingest - Database,ESPADM.ESP_CMDB_CI_CLUSTER_NODE
a32dc8a1-69b5-4b7c-bcd1-f9c085bb8f20,infrastructure_enablement_platforms,esp_cmdb_model,iDAP Data Ingest - Database,ESPADM.CMDB_MODEL
6881ee9d-356b-4f79-b7f4-5c417313ea75,infrastructure_enablement_platforms,esp_cmdb_rel_ci_inferred,iDAP Data Ingest - Database,ESPADM.U_CMDB_REL_CI_INFERRED
bba1f9ef-5990-4b84-b2c6-a54d862efed1,infrastructure_enablement_platforms,esp_cmn_building,iDAP Data Ingest - Database,ESPADM.CMN_BUILDING
d34d57ff-fe70-451b-8931-1add36314e5b,infrastructure_enablement_platforms,esp_cmn_location,iDAP Data Ingest - Database,ESPADM.CMN_LOCATION
3cced0a1-2d90-4506-b2cb-9bd492d2d392,infrastructure_enablement_platforms,esp_dqf_network_building_function,iDAP Data Ingest - Database,ESPADM.U_CISCO_DQF_NET_LDING_FUNCTION
a0781358-4cf1-4936-aeb6-06395fa4c3da,infrastructure_enablement_platforms,esp_dscy_router_interface,iDAP Data Ingest - Database,ESPADM.DSCY_ROUTER_INTERFACE
d9a84a3e-734e-4c88-a82e-c6d07ca56797,infrastructure_enablement_platforms,esp_host_collector_details,iDAP Data Ingest - Database,ESPADM.ESP_HOST_COLLECTOR_DETAILS
9230c712-67a1-4835-8803-074fc37b403e,infrastructure_enablement_platforms,esp_host_contacts,iDAP Data Ingest - Database,ESPADM.ESP_HOST_CONTACTS
ee3564cc-b299-4947-bd9a-fa5da9a3b2ba,infrastructure_enablement_platforms,esp_host_details_ext,iDAP Data Ingest - Database,ESPADM.ESP_HOST_DETAILS_EXT
b3adb0ac-95ba-41f8-9d36-a96d197f5029,infrastructure_enablement_platforms,esp_host_location,iDAP Data Ingest - Database,ESPADM.ESP_HOST_LOCATION
fda2af7a-c226-4159-ae16-4266708d21e1,infrastructure_enablement_platforms,esp_host_topology,iDAP Data Ingest - Database,ESPADM.ESP_HOST_TOPOLOGY
f9a76848-ab64-4ede-a16f-486ff547dcdb,infrastructure_enablement_platforms,esp_host_ucs_hierachy,iDAP Data Ingest - Database,ESPADM.ESP_HOST_UCS_HIER_V
8916bc5a-3446-4af9-b163-2a373a60a8ec,infrastructure_enablement_platforms,esp_hosts_app_details_information,iDAP Data Analyze,""
f9520421-091d-447c-bced-a821d56aaa78,infrastructure_enablement_platforms,esp_hosts_app_services,iDAP Data Analyze,""
f1f110ab-a1b3-46df-8cd2-eb782250a95c,infrastructure_enablement_platforms,esp_hosts_application,iDAP Data Analyze,""
ea15b406-6502-4d3d-b44a-40b284d0348b,infrastructure_enablement_platforms,esp_location,iDAP Data Ingest - Database,{runtime variable}
52e2bacb-f7c1-4100-8b7d-8bb2f00f8f18,infrastructure_enablement_platforms,esp_monitoring_collectors,iDAP Data Ingest - Database,ESPADM.U_MONITORING_COLLECTORS
3c028c48-e691-4701-aff2-99047f6d4528,infrastructure_enablement_platforms,esp_server_ucs,iDAP Data Ingest - Database,ESPADM.ESP_HOST_UCS_DATA
a3fa7113-5d55-4867-9312-a57811eb9f0f,infrastructure_enablement_platforms,esp_service_portfolio,iDAP Data Ingest - Database,ESPADM.ESP_ITSO_EXPORT_V
1cdbf309-393b-4cfb-873c-275720b2e4b1,infrastructure_enablement_platforms,esp_service_view,iDAP Data Ingest - Database,ESPADM.ESP_SERVICE_V
fb5d7f13-4157-4356-875d-05c02e2db7c7,infrastructure_enablement_platforms,esp_support_group,iDAP Data Ingest - Database,ESPADM.ESP_SYS_USER_GROUP
b8922523-9431-42b8-9a8d-a49af705438b,infrastructure_enablement_platforms,esp_sys_user_group,iDAP Data Ingest - Database,ESPADM.SYS_USER_GROUP
2a30f419-c70e-451e-a43a-2bcd5fedc2a0,infrastructure_enablement_platforms,esp_system_choice,iDAP Data Ingest - Database,ESPADM.SYS_CHOICE
09155b0f-7c74-4f81-a18f-9c51291e08c1,infrastructure_enablement_platforms,esp_system_user,iDAP Data Ingest - Database,ESPADM.SYS_USER
adc35447-3c90-40af-aca6-fa2938efcc34,infrastructure_enablement_platforms,esp_tasks_ci,iDAP Data Ingest - Database,ESPADM.TASK_CI
22b74d44-bb2c-49c1-b950-e79307be7166,infrastructure_enablement_platforms,esp_tpam_group_config,iDAP Data Ingest - Database,ESPADM.U_TPAM_GROUP_CONFIG
4284d529-d2c6-4e9f-902d-a87ef1cca566,infrastructure_enablement_platforms,esp_vm_vcenter,iDAP Data Ingest - Database,ESPADM.ESP_HOST_VM_DATA
48531f36-7c33-4b88-b1f5-8c03160164e2,infrastructure_as_a_service,esx_host,iDAP Data Ingest JSON - HTTP/File,""
b941bdb5-f341-4529-9d76-b91c0252470c,partner_connection_extranet,exam_extranet_building_data,iDAP Data Ingest XML - HTTP/File,""
472fb562-9690-4761-8b6f-b8fe9d5f94f6,partner_connection_extranet,exam_nws_extranet_service,iDAP Data Ingest XML - Complex HTTP REST API,""
fb8c5443-7ea0-466a-878e-86cab48a1a58,identity_and_access,exam_ubvpn_users_connected_from_physical_site_daily,iDAP Data Analyze,""
26c8e97b-eff2-420d-9bdb-37982197b7dc,identity_and_access,exam_ubvpn_users_connected_from_physical_site_monthly,iDAP Data Analyze,""
b2494242-646c-485a-855d-6f252dbb7299,identity_and_access,exam_ucvn_connected_device_type_summary_daily,iDAP Data Analyze,""
958321ac-1f3a-4ff9-a982-618951095cba,identity_and_access,exam_ucvn_connected_device_type_summary_monthly,iDAP Data Analyze,""
c63edcd5-34a8-4d70-ab84-3f3fdd7d04c1,identity_and_access,exam_use_case_2,iDAP Data Ingest - Splunk,""
7337df09-9758-4714-af33-78131f91b075,identity_and_access,exam_use_case_4,iDAP Data Ingest - Splunk,""
61c2e050-31b1-4fbc-8b19-9f5fecb85678,system,history_reindex_text_service,History Reindex Text Service,""
a368d02c-d499-4634-a511-2ca1184805d4,corporate_network,idl_premise_network_link_capacity_utilization,iDAP Data Analyze,""
a5a0d894-cc2f-4803-a893-84cb804bc779,system,index_text_service,Index Text Service,thinkbig.nifi.index
5564f743-4174-47e1-8896-694a7c63310f,identity_and_access,ise_endpoint_network_access,iDAP Data Ingest - Splunk,""
76b05a8f-c9f1-40e5-baec-a3a5bc445450,identity_and_access,ise_endpoint_network_access_daily_metrics,iDAP Data Analyze,identity_and_access.ise_endpoint_network_access
76a4c5b9-016c-4861-9c8b-b45d36b2dcb6,identity_and_access,ise_endpoint_network_access_two,iDAP Data Ingest - Splunk,""
32521406-2ac8-4481-a085-fbc830f4c8a2,infrastructure_enablement_platforms,itsm_change_request,iDAP Data Ingest - Database,ITSM_DW.V_DW_FT_CHANGE_REQUEST
00051c23-49cf-4233-be0d-0a904b67d4ea,infrastructure_enablement_platforms,itsm_change_request_with_limited_information,iDAP Data Ingest - Database,ITSM_DW.V_DWV_FT_CHANGE_REQUEST
b115dda8-be72-4711-80af-a214e3bff82c,infrastructure_enablement_platforms,itsm_fiscal_information,iDAP Data Ingest - Database,ITSM_DW.V_DW_D_DATE_DETAILS
585ea353-658a-4716-9e91-511e5e9bd821,infrastructure_enablement_platforms,itsm_high_priority_data_of_incident,iDAP Data Ingest - Database,ITSM_DW.V_DWV_FT_INC_HIUP
44845932-16aa-4450-867f-8c430398b31a,infrastructure_enablement_platforms,itsm_incident_alert,iDAP Data Ingest - Database,ITSM_DW.V_DW_FT_INCIDENT_ALERT
1fca925e-34d5-4ca8-b700-53dbd20340f8,infrastructure_enablement_platforms,itsm_incident_management_data,iDAP Data Ingest - Database,ITSM_DW.V_DW_FT_INCIDENT
1acc97cf-6bab-42c0-84c0-4f073f5b8fcb,infrastructure_enablement_platforms,itsm_lo_vs_of_fields,iDAP Data Ingest - Database,ITSM_DW.V_DW_D_SYS_CHOICE
b4bd950d-51d3-44a8-8ce1-0625fa510e95,infrastructure_enablement_platforms,itsm_problem_management_data,iDAP Data Ingest - Database,ITSM_DW.V_DW_FT_PROBLEM
61f58177-8ff9-4937-a5a4-530d774ea4a8,infrastructure_enablement_platforms,itsm_service_offering_and_hierarchy_data,iDAP Data Ingest - Database,ITSM_DW.V_DW_D_U_BUSINESS_SRVC_COMPNT
9b6eed9b-cbb6-40ef-8c9e-72deddd7bf3d,infrastructure_enablement_platforms,itsm_user_group_details,iDAP Data Ingest - Database,ITSM_DW.V_DW_D_SYS_USER_GROUP
eeb292f2-5118-4d31-a2b5-1be01af5c4c4,infrastructure_enablement_platforms,itsm_user_information,iDAP Data Ingest - Database,ITSM_DW.V_DW_D_SYS_USER
defdae22-f929-4026-b5c0-738c9b49ab4f,corporate_network,live_action_data,iDAP Data Ingest JSON - HTTP/File,""
104ca68b-8766-452f-86bf-31acdc356124,corporate_network,live_action_utilisation,iDAP Data Analyze,corporate_network.live_action_data
b79510d5-c38e-4b3d-b156-3676818bb7fa,corporate_network,network_premise_dataset_pipeline,iDAP Data Analyze,""
d62c05fb-9b2f-4ea8-abf3-809d32d87277,corporate_network,network_premise_esp_data,iDAP Data Analyze,""
409aca86-792a-4f28-809b-c7d5f4c95dd3,corporate_network,network_premise_live_action_data,iDAP Data Analyze,""
24f2231d-5eef-49ee-b228-1920c2e64f39,infrastructure_enablement_platforms,nws_esp_building,iDAP Data Analyze,""
8ee4bc8a-67a9-43d3-ae89-dc848ed755fb,infrastructure_enablement_platforms,nws_esp_cluster,iDAP Data Analyze,""
1ffddd93-6d76-4de4-b694-c70226b87ba4,infrastructure_enablement_platforms,nws_esp_device,iDAP Data Analyze,""
15e74ced-4d12-47a7-8897-095c95b9769d,infrastructure_enablement_platforms,nws_esp_netgear_cl_clnode,iDAP Data Analyze,""
670d4a88-5b2b-447f-8892-fc8a3172d139,corporate_network,nws_esp_wpr_exam_building,iDAP Data Analyze,""
c9605dc4-e3d3-4838-9a05-d8a5aa3f0981,infrastructure_as_a_service,oci_emc_san_data_store_map,iDAP Data Ingest - Database,vm_vmdk_ds_map_emc_san_v
5239e183-6b0d-451d-a55d-4d52136a9a19,infrastructure_as_a_service,oci_host,iDAP Data Ingest - Database,host
246df425-0427-4204-bcee-76e480340d13,infrastructure_as_a_service,oci_host_allocation_utils,iDAP Data Ingest - Database,itx_host_alloc_util_v
bd448cb0-0eff-43d7-b6a5-f0fbec1663fe,infrastructure_as_a_service,oci_host_to_dw_gw_sw_switch_map,iDAP Data Ingest - Database,{runtime variable}
7a029d70-c41a-4887-a686-1a80410600b1,infrastructure_as_a_service,oci_inventory_internal_volume,iDAP Data Ingest - Database,internal_volume
99d48d84-b3d1-4fdb-9f63-a640f19187ef,infrastructure_as_a_service,oci_inventory_storage,iDAP Data Ingest - Database,storage
a184f400-7edc-47ad-8bd2-c54289dff032,infrastructure_as_a_service,oci_inventory_volume,iDAP Data Ingest - Database,volume
88b23d6f-406d-4bea-bf62-35e30d4964f8,infrastructure_as_a_service,oci_nas_data_store_eng_v,iDAP Data Ingest - Database,vm_vmdk_ds_map_nas_eng_v
980097ab-45e7-42f4-a2c8-8d1b7d66e2ce,infrastructure_as_a_service,oci_nas_data_store_map,iDAP Data Ingest - Database,{runtime variable}
714aca51-5d77-4a78-8e49-cc708fae90d6,infrastructure_as_a_service,oci_net_app_san_data_store_map,iDAP Data Ingest - Database,vm_vmdk_ds_map_ntap_san_v
70318178-ec89-4f79-b565-bbf4ee7b3584,infrastructure_as_a_service,oci_storage_sw_switch_map,iDAP Data Ingest - Database,storage_sw_map_v
613ea957-94c8-4dda-917a-98746e3965aa,identity_and_access_management,ping_fed_wrt_ip,iDAP Data Analyze,identity_and_access_management.ping
3013d1ff-5d21-433b-b1a5-6acb0c456d3c,corporate_network,premise_network_locations,iDAP Data Analyze,""
00a2eda4-505c-4e36-a22d-2a7416f6ec5a,core_collaboration_technologies,pstn_max_peak_value_on_a_date,iDAP Data Analyze,core_collaboration_technologies.pstn_max_peak_value_with_timee_slicing
2e4b4cb4-0245-4481-9aab-e8d9a49d3e7c,core_collaboration_technologies,pstn_max_peak_value_past_24_hours,iDAP Data Analyze,core_collaboration_technologies.pstn_max_peak_value_with_timee_slicing
29d12f27-b07b-4c48-9fb8-7cd3d42546ee,core_collaboration_technologies,pstn_max_peak_value_with_timee_slicing,iDAP Data Analyze,""
a7d92229-7362-4784-8128-35386fdad0e8,corporate_network,remote_login_core_backbone_daily_history,iDAP Data Analyze,corporate_network.remote_login_core_backbone_daily_source_ingest
f8e1b5d6-0633-46bf-b52a-eef45303c421,corporate_network,remote_login_core_backbone_daily_snapshot,iDAP Data Analyze,corporate_network.remote_login_core_backbone_daily_source_ingest
806efc32-296b-458b-abc5-97e671579052,corporate_network,remote_login_core_backbone_daily_source_ingest,iDAP Data Ingest JSON - HTTP/File,""
ea47e57c-cd34-4bcc-a8fa-6161222afe5d,corporate_network,remote_login_core_backbone_hourly_history,iDAP Data Analyze,corporate_network.remote_login_core_backbone_hourly_source_ingest
8351467f-750b-4854-8469-2864cc166416,corporate_network,remote_login_core_backbone_hourly_snapshot,iDAP Data Analyze,corporate_network.remote_login_core_backbone_hourly_source_ingest
e49556c4-f63e-4733-a2e3-697ee83c2aec,corporate_network,remote_login_core_backbone_hourly_source_ingest,iDAP Data Ingest JSON - HTTP/File,""
f777e52b-c1e4-4453-b4ef-0bb2cdb01b24,partner_connection_extranet,remote_login_employee__partner_vpn_usage_vs_capacity,iDAP Data Ingest JSON - HTTP/File,""
992da986-b432-4cb0-8740-19addf7c5e5e,corporate_network,remote_login_isp_and_vpn,iDAP Data Analyze,corporate_network.remote_login_live_action_isp
61098ae9-214e-4fb0-967d-2f6fb1861b79,corporate_network,remote_login_isp_daily_snapshot,iDAP Data Analyze,corporate_network.remote_login_isp_source_data
2715c808-3e05-4828-b844-7b1b17d06947,corporate_network,remote_login_isp_hourly_data_snapshot,iDAP Data Analyze,corporate_network.remote_login_isp_hourly_source_ingest
2e874fb9-2e33-4567-8e38-cf3c0a1c9bf1,corporate_network,remote_login_isp_hourly_data_snapshot_history,iDAP Data Analyze,corporate_network.remote_login_isp_hourly_data_snapshot
d46cc628-d85a-4d1e-9787-daf85a0edfd3,corporate_network,remote_login_isp_hourly_source_ingest,iDAP Data Ingest JSON - HTTP/File,""
73ee9239-d393-42b3-9f01-9a5b6fe72309,corporate_network,remote_login_isp_past_1_day_hourly_data,iDAP Data Analyze,corporate_network.remote_login_isp_hourly_history
bdb0fa7f-b41a-48d4-9c33-540d979f9353,corporate_network,remote_login_isp_source_data,iDAP Data Ingest JSON - HTTP/File,""
cdf5b177-fbf7-4e27-83a6-7487893d71e1,corporate_network,remote_login_isp_ubvpn_evpn,iDAP Data Analyze,corporate_network.remote_login_live_action_isp
8fe08546-9fde-4349-84b8-19fbb9c2edac,corporate_network,remote_login_isp_ubvpn_evpn_past_12_hours,iDAP Data Analyze,corporate_network.remote_login_live_action_isp
25579876-ed7f-4aaf-bd5d-3770a2866395,corporate_network,remote_login_live_action_isp,iDAP Data Ingest JSON - HTTP/File,""
c6a80ba3-cff6-4574-8dd2-eb980819982c,corporate_network,remote_login_vpn_past_30_mins,iDAP Data Ingest JSON - HTTP/File,""
bef2a783-963c-410d-9101-95666284cd97,corporate_network,remote_login_vpn_past_30_mins_date,iDAP Data Analyze,corporate_network.remote_login_isp_ubvpn_evpn
5a8414e6-3993-43d3-8c8d-53befdd829bc,corporate_network,remote_login_vpn_past_30_mins_historic_usage_dated,iDAP Data Analyze,corporate_network.remote_login_vpn_past_30_mins
41beb958-c764-4f15-b763-1b82e5d90835,corporate_network,remote_login_vpn_peak_daily,iDAP Data Analyze,corporate_network.remote_login_isp_ubvpn_evpn
a7d28bb2-b4ce-4d1c-946f-776b9e3d6bfa,corporate_network,remote_login_webex_daily_history,iDAP Data Analyze,corporate_network.remote_login_webex_daily_source_ingest
8a78703e-7097-48d2-9d9c-1df30b55afe6,corporate_network,remote_login_webex_daily_snapshot,iDAP Data Analyze,corporate_network.remote_login_webex_daily_source_ingest
0d1b71bc-ddd9-4137-807f-754cca91dc70,corporate_network,remote_login_webex_daily_source_ingest,iDAP Data Ingest JSON - HTTP/File,""
b004e338-6e30-4cfc-b19e-8ac46430c42b,corporate_network,remote_login_webex_hourly_history,iDAP Data Analyze,corporate_network.remote_login_webex_hourly_source_ingest
60572078-ce4e-43c6-93e0-8419dd1ddb85,corporate_network,remote_login_webex_hourly_snapshot,iDAP Data Analyze,corporate_network.remote_login_webex_hourly_source_ingest
d83b4343-48e1-43d8-80ee-500480ac55a0,corporate_network,remote_login_webex_hourly_source_ingest,iDAP Data Ingest JSON - HTTP/File,""
fcd38ae4-a06e-498b-a8a8-106cf2f23938,system,schema_indexing_service,iDAP Metadata Indexing,thinkbig.nifi.index.registration
b75a73c6-e254-4cbb-8a1f-48db3fba23cd,svl,svl_jira_cisco_initiative_epic_customfield_info,iDAP Data Analyze,""
45ec8ba2-dfa0-4b3c-9e01-0d29fd3c2c02,svl,svl_jira_customfield_table_staged,iDAP Data Ingest - Database,customfield
9eea36b1-b57d-4d1a-a042-d9a7b16cf1c0,svl,svl_jira_customfieldoption_table_staged,iDAP Data Ingest - Database,customfieldoption
e496cf0b-3e16-4ce8-91c1-83e3cc145d29,svl,svl_jira_customfieldvalue_table_staged,iDAP Data Ingest - Database,customfieldvalue
7825658f-4027-454d-ad76-e8e5a8e478ef,svl,svl_jira_fy20_jiraissues,iDAP Data Analyze,""
7cc63209-ca69-42fd-8a02-6c53c469641e,svl,svl_jira_jiraissue_table_staged,iDAP Data Ingest - Database,jiraissue
ba6a9ae6-4802-4945-b18d-8bf8b513c948,svl,svl_jira_latest_report,iDAP Data Analyze,""
a182f8c3-980b-4c5b-84b3-37f8bd5d6cf7,svl,svl_jira_project_table_staged,iDAP Data Ingest - Database,project
a0a3d3e3-be0d-442f-8ec7-395393155772,svl,svl_nlyte_asset_initiative_pivot,iDAP Data Analyze,""
f753aada-b29c-4fdb-a2e9-737318647c46,svl,svl_nlyte_asset_table_staged,iDAP Data Ingest - Database,Asset
a0048073-618d-44df-bbc9-948c41145062,svl,svl_nlyte_business_group_asset_map_table_staged,iDAP Data Ingest - Database,BusinessGroupAssetMap
32fa2065-639d-44e7-83c2-6689aec07393,svl,svl_nlyte_businessgroup_table_staged,iDAP Data Ingest - Database,BusinessGroup
6c60c427-338e-4558-96b7-3533da1a94c1,svl,svl_nlyte_cabinet_non_open_initative_count,iDAP Data Analyze,""
b3dd9a5b-1bf9-463d-9415-c8386fc7d29f,svl,svl_nlyte_cabinet_t1_count,iDAP Data Analyze,""
03889d55-8f85-45dc-8346-c508653c7b66,svl,svl_nlyte_cabinet_t2_count,iDAP Data Analyze,""
7885f7d7-2d83-4733-b4cf-c86bcec76747,svl,svl_nlyte_cabinet_t3_count,iDAP Data Analyze,""
291601bd-759c-4a1f-a92d-1340854ab8b2,svl,svl_nlyte_cabinet_t3_count_updated,iDAP Data Analyze,""
44d1588e-6615-4a4d-8cc6-16cade490356,svl,svl_nlyte_cabinet_table_staged,iDAP Data Ingest - Database,Cabinet
1a87b287-fb30-479a-86bb-50f6692eace0,svl,svl_nlyte_cabinets_count,iDAP Data Analyze,""
3f67b04c-ef1c-4432-ad94-3d8e22836d31,svl,svl_nlyte_cabinets_open_initiative_count,iDAP Data Analyze,""
b26dcf37-2645-477f-8d7a-f6a20f6c51e5,svl,svl_nlyte_cabinetu_table_staged,iDAP Data Ingest - Database,CabinetU
69ea9aa4-df94-4f2d-ba63-a26ced00b982,svl,svl_nlyte_custom_field_vw_pivot,iDAP Data Analyze,""
437f9661-6495-45cd-a2f3-12b66da137f8,svl,svl_nlyte_final_report,iDAP Data Analyze,""
52bd0ae1-36fe-4733-8eb3-a095c38702cc,svl,svl_nlyte_material_table_staged,iDAP Data Ingest - Database,Material
b125b63b-7e4c-4b09-8e3e-44761fa951be,svl,svl_nlyte_material_type_table_staged,iDAP Data Ingest - Database,MaterialType
c15f1507-318c-45f0-ad74-e5d19175efd1,svl,svl_nlyte_power_per_device_hourly,iDAP Data Analyze,""
5e5fad77-9780-4cdd-a8d7-7748ae7b89b7,svl,svl_nlyte_power_per_rack_hourly,iDAP Data Analyze,""
720143d7-afe9-4587-814f-db79a522d21a,svl,svl_nlyte_rack_units_count,iDAP Data Analyze,""
e34df850-5740-41c8-9d9a-b49811e27777,svl,svl_nlyte_ru_initiative,iDAP Data Analyze,""
2e609164-453f-40cd-9754-eddfb30b4bb2,svl,svl_nlyte_ru_open_initiative_count,iDAP Data Analyze,""
e121ea6f-b3f3-4e64-90ea-57b2986ddb7c,svl,svl_nlyte_ru_t1_count,iDAP Data Analyze,""
f2446136-ccde-4787-8800-788f9ff5d737,svl,svl_nlyte_ru_t2_count,iDAP Data Analyze,""
020f71d7-a8ce-495e-afed-038f26a3da25,svl,svl_nlyte_ru_t3_count,iDAP Data Analyze,""
b4469c0f-8096-4ae2-a750-f2d865da1e04,svl,svl_nlyte_umounting_table_staged,iDAP Data Ingest - Database,UMounting
646d6c15-6edc-4938-9e4f-6989b280ea3f,svl,svl_nlyte_vw_asset_custom_field_view_staged,iDAP Data Ingest - Database,vwAssetCustomField
c1ba3f0b-0fcb-4f0b-84d0-64288941afd2,svl,svl_power_iq_edm_nodes_stage,iDAP Data Ingest - Database,{runtime variable}
66872957-c378-46a6-a183-c019f70a9d41,svl,svl_power_iq_pdu_daily_reading,iDAP Data Analyze,""
66e3b9d5-73ce-4269-b355-fb098d3111d2,svl,svl_power_iq_pdu_hourly_reading,iDAP Data Analyze,""
3de3819b-e9cc-4ba0-9a1a-fa0222cbc946,svl,svl_power_iq_pdu_monthly_reading,iDAP Data Analyze,""
0613e21a-e6d7-4453-820d-8af90c1ac1f5,svl,svl_power_iq_pdu_outlets_readings_daily_rollup_table_stage,iDAP Data Ingest - Database,{runtime variable}
d8069e97-e963-44f5-ac6e-230c7c6b8ea9,svl,svl_power_iq_pdu_outlets_readings_hourly_rollup_table_stage,iDAP Data Ingest - Database,PDUOutletReadingHourlyRollups
dd97c509-27d5-41ae-be85-ed9e36051202,svl,svl_power_iq_pdu_outlets_readings_monthly_rollup_table_stage,iDAP Data Ingest - Database,{runtime variable}
2fe80aa1-d5fb-4102-9fde-d3fdaddf69ec,svl,svl_power_iq_pdu_outlets_table_stage,iDAP Data Ingest - Database,{runtime variable}
851a0591-67b0-43b2-805c-99b434ac9c2c,svl,svl_power_iq_pdu_sensor_reading_daily_rollup_table_stage,iDAP Data Ingest - Database,{runtime variable}
04c55cb2-7d17-4a62-b234-d7951af5c382,svl,svl_power_iq_pdu_sensor_reading_hourly_rollup_table_stage,iDAP Data Ingest - Database,{runtime variable}
9dac3fc1-535b-418e-89d5-1c803b231785,svl,svl_power_iq_pdu_sensor_reading_monthly_rollup_table_stage,iDAP Data Ingest - Database,PDUSensorReadingMonthlyRollups
8f586c4f-f54b-47fb-a4dc-5ebf1f8c35cd,svl,svl_power_iq_pdu_sensor_reading_table_stage,iDAP Data Ingest - Database,{runtime variable}
edbc8789-2cac-46f2-b5ec-b82843152083,svl,svl_power_iq_pdu_sensor_table_stage,iDAP Data Ingest - Database,{runtime variable}
bb0df586-5d56-4af6-b04e-b5e74b51ed90,svl,svl_power_iq_pdus_table_stage,iDAP Data Ingest - Database,{runtime variable}
75ec2c5a-6bd7-44ee-a9be-63bad07150c9,svl,svl_power_iq_rack_daily_reading,iDAP Data Analyze,""
cb82b78a-ab44-4b30-bc60-356f027a9f3b,svl,svl_power_iq_rack_hourly_reading,iDAP Data Analyze,""
6346896d-a293-4709-a447-9d49e753eaba,svl,svl_power_iq_rack_monthly_reading,iDAP Data Analyze,""
1c79195e-1ffa-48fe-a8f9-217414f346c1,svl,svl_power_iq_rack_pdu_mapping,iDAP Data Analyze,""
27a68698-b779-4e3e-9317-5c1c8e873d59,svl,svl_power_iq_rack_reading_daily_rollup_table_stage,iDAP Data Ingest - Database,{runtime variable}
e3aac949-363a-48a8-807d-16b6b7e5176d,svl,svl_power_iq_rack_reading_hourly_rollup_table_stage,iDAP Data Ingest - Database,{runtime variable}
7792bd9e-8118-4671-9217-48a0a79c0106,svl,svl_power_iq_rack_reading_monthly_rollup_table_stage,iDAP Data Ingest - Database,{runtime variable}
1ba6341f-ed69-4629-852a-7c04ac5f76b2,svl,svl_power_iq_rack_table_stage,iDAP Data Ingest - Database,{runtime variable}
c99fd41a-064e-4ad8-9ea7-3dc966e252ab,svl,svl_power_per_initiative_daily_latest,iDAP Data Analyze,""
d0f2f32a-dc1e-4cef-aa23-e5456c296137,svl,svl_power_per_initiative_hourly_latest,iDAP Data Analyze,""
92639725-6495-4e9f-ad59-60f61ef83658,svl,svl_power_per_initiative_monthly_lates,iDAP Data Analyze,""
2dd40773-c9a8-43bd-b6af-541a7d537acf,svl,svl_report_daily_latest,iDAP Data Analyze,""
7ab86ba7-4f2d-454e-9551-aae3e7784ef7,svl,svl_report_hourly_latest,iDAP Data Analyze,""
7c3b8488-b5c1-4cfe-b8db-ae56afbe4a8c,svl,svl_report_monthly_latest,iDAP Data Analyze,""
acdc569a-f102-4c84-a032-243b5b7113c2,corporate_network,tems_internet_inventory,iDAP Data Ingest - SOAP,""
57e8e47c-f422-4739-8176-f05eaf326d95,corporate_network,tems_mpls_inventory,iDAP Data Ingest - SOAP,""
a0f61d88-8312-4ba4-ab25-34c373292b92,corporate_network,tems_point_to_point_inventory,iDAP Data Ingest - SOAP,""
0addafe6-646e-41bf-b503-af497815b23f,corporate_network,tems_premise_link_capacity,iDAP Data Analyze,""
3df7c37d-5c80-4a65-8c7e-c6d14f9ef103,infrastructure_as_a_service,ucs_compute_blade,iDAP Data Ingest XML - Complex HTTP REST API,""
239b36b2-7c8d-4e4b-bc41-2df1df5462ac,infrastructure_as_a_service,ucs_compute_domain,iDAP Data Ingest XML - Complex HTTP REST API,""
669827f8-8d9f-48ab-996f-eb6c9d9efb0a,infrastructure_as_a_service,ucs_compute_server,iDAP Data Ingest XML - Complex HTTP REST API,""
222cb27c-c894-4e45-b444-24a96fe817f4,infrastructure_as_a_service,ucs_equipment_chassis,iDAP Data Ingest XML - Complex HTTP REST API,""
7a842100-3dda-4a3a-b6f0-29f031b89011,infrastructure_as_a_service,virtual_machine_info,iDAP Data Ingest JSON - HTTP/File,""
5b15457c-2168-4faf-8be3-e4f588b186e1,infrastructure_as_a_service,vm_host_mapping,iDAP Data Ingest JSON - HTTP/File,""
a77fd1f1-d43c-4c66-bea6-0183284c8ed9,identity_and_access_management,wam_wrt_app,iDAP Data Analyze,identity_and_access_management.wam
ae04d08c-e762-4432-9b61-e64c697d9b6c,identity_and_access_management,wam_wrt_ip,iDAP Data Analyze,identity_and_access_management.wam
db21b201-8e31-4ad6-9705-d0fc9d42443f,identity_and_access_management,wam_wrt_user,iDAP Data Analyze,identity_and_access_management.wam
c34fc95e-1b24-4077-97c0-f4968e86f44b,workforce_services,wpr_building,iDAP Data Analyze,workforce_services.wpr_building_by_org_current_quarter
2335cdc3-a4c9-4248-8116-97dbfacf63de,workforce_services,wpr_building_by_org,iDAP Data Ingest - Database,IWMSMART.DS_IDAP_BUILDING_QTR_VW
d6649c7e-e41a-4208-9273-65e22c951083,workforce_services,wpr_building_by_org_current_quarter,iDAP Data Analyze,""
82cbc231-d1fe-427d-83ef-adb352875003,workforce_services,wpr_building_ccw,iDAP Data Analyze,""
2fe2073b-1969-4d80-8c9d-eb46233d1a13,workforce_services,wpr_building_data,iDAP Data Ingest JSON - HTTP/File,""
3962811e-c9d4-49ac-8280-716140b379bd,workforce_services,wpr_ccw_by_org,iDAP Data Ingest - Database,IWMSMART.DS_IDAP_CCW_QTR
ecf64ce4-548e-4e0a-8b72-a723114187fd,workforce_services,wpr_ccw_by_org_current_quarter,iDAP Data Analyze,""
f1f8f1ce-be15-4c3b-ab6b-bf1b077ca05a,workforce_services,wpr_ccw_by_org_previous_quarter,iDAP Data Analyze,""
